Year,leading_cause,Deaths
2010,Influenza (Flu) and Pneumonia (J09-J18),228
2013,"Accidents Except Drug Posioning (V01-X39, X43, X45-X59, Y85-Y86)",271
2010,Cerebrovascular Disease (Stroke: I60-I69),140
2012,Cerebrovascular Disease (Stroke: I60-I69),102
2010,All Other Causes,2140
2013,Cerebrovascular Disease (Stroke: I60-I69),191
2011,Cerebrovascular Disease (Stroke: I60-I69),281
2012,"Diseases of Heart (I00-I09, I11, I13, I20-I51)",76
2013,"Intentional Self-Harm (Suicide: X60-X84, Y87.0)",17
2011,Human Immunodeficiency Virus Disease (HIV: B20-B24),70
2014,"Chronic Liver Disease and Cirrhosis (K70, K73)",10
2011,Alzheimer's Disease (G30),90
2014,All Other Causes,59
2012,Malignant Neoplasms (Cancer: C00-C97),29
2010,All Other Causes,1326
2011,Cerebrovascular Disease (Stroke: I60-I69),466
2011,Malignant Neoplasms (Cancer: C00-C97),3222
2013,Malignant Neoplasms (Cancer: C00-C97),1592
2010,Chronic Lower Respiratory Diseases (J40-J47),6
2013,Cerebrovascular Disease (Stroke: I60-I69),271
2013,Human Immunodeficiency Virus Disease (HIV: B20-B24),204
2013,"Essential Hypertension and Renal Diseases (I10, I12)",8
2014,"Essential Hypertension and Renal Diseases (I10, I12)",29
2013,All Other Causes,2293
2011,"Mental and Behavioral Disorders due to Accidental Poisoning and Other Psychoactive Substance Use (F11-F16, F18-F19, X40-X42, X44)",145
2012,Diabetes Mellitus (E10-E14),15
2010,"Accidents Except Drug Posioning (V01-X39, X43, X45-X59, Y85-Y86)",271
2010,"Accidents Except Drug Posioning (V01-X39, X43, X45-X59, Y85-Y86)",163
2014,Septicemia (A40-A41),8
2010,Malignant Neoplasms (Cancer: C00-C97),46
2014,"Diseases of Heart (I00-I09, I11, I13, I20-I51)",95
2013,Diabetes Mellitus (E10-E14),300
2014,Human Immunodeficiency Virus Disease (HIV: B20-B24),102
2011,Cerebrovascular Disease (Stroke: I60-I69),147
2013,Septicemia (A40-A41),16
2012,"Diseases of Heart (I00-I09, I11, I13, I20-I51)",1263
2013,"Accidents Except Drug Posioning (V01-X39, X43, X45-X59, Y85-Y86)",166
2014,Human Immunodeficiency Virus Disease (HIV: B20-B24),7
2012,"Accidents Except Drug Posioning (V01-X39, X43, X45-X59, Y85-Y86)",191
2010,Malignant Neoplasms (Cancer: C00-C97),1057
2011,Diabetes Mellitus (E10-E14),410
2011,Diabetes Mellitus (E10-E14),51
2013,"Chronic Liver Disease and Cirrhosis (K70, K73)",16
2013,"Essential Hypertension and Renal Diseases (I10, I12)",33
2012,Diabetes Mellitus (E10-E14),9
2013,Chronic Lower Respiratory Diseases (J40-J47),9
2010,"Diseases of Heart (I00-I09, I11, I13, I20-I51)",4495
2012,"Diseases of Heart (I00-I09, I11, I13, I20-I51)",1940
2014,Influenza (Flu) and Pneumonia (J09-J18),563
2014,"Essential Hypertension and Renal Diseases (I10, I12)",180
2010,Diabetes Mellitus (E10-E14),7
2012,Septicemia (A40-A41),6
2014,Malignant Neoplasms (Cancer: C00-C97),1852
2011,Malignant Neoplasms (Cancer: C00-C97),11
2014,"Diseases of Heart (I00-I09, I11, I13, I20-I51)",554
2014,"Assault (Homicide: Y87.1, X85-Y09)",186
2010,Influenza (Flu) and Pneumonia (J09-J18),235
2010,"Diseases of Heart (I00-I09, I11, I13, I20-I51)",2282
2011,Chronic Lower Respiratory Diseases (J40-J47),156
2012,Diabetes Mellitus (E10-E14),57
2014,Influenza (Flu) and Pneumonia (J09-J18),14
2010,Malignant Neoplasms (Cancer: C00-C97),526
2013,All Other Causes,1193
2014,All Other Causes,1375
2011,"Mental and Behavioral Disorders due to Accidental Poisoning and Other Psychoactive Substance Use (F11-F16, F18-F19, X40-X42, X44)",5
2012,"Mental and Behavioral Disorders due to Accidental Poisoning and Other Psychoactive Substance Use (F11-F16, F18-F19, X40-X42, X44)",7
2011,Influenza (Flu) and Pneumonia (J09-J18),273
2010,Influenza (Flu) and Pneumonia (J09-J18),275
2012,Chronic Lower Respiratory Diseases (J40-J47),8
2012,Cerebrovascular Disease (Stroke: I60-I69),129
2014,Human Immunodeficiency Virus Disease (HIV: B20-B24),10
2014,Chronic Lower Respiratory Diseases (J40-J47),515
2012,Cerebrovascular Disease (Stroke: I60-I69),70
2012,Malignant Neoplasms (Cancer: C00-C97),461
2011,Cerebrovascular Disease (Stroke: I60-I69),290
2014,Cerebrovascular Disease (Stroke: I60-I69),197
2010,All Other Causes,1007
2013,"Intentional Self-Harm (Suicide: X60-X84, Y87.0)",5
2014,Malignant Neoplasms (Cancer: C00-C97),66
2010,Diabetes Mellitus (E10-E14),7
2013,"Diseases of Heart (I00-I09, I11, I13, I20-I51)",4535
2010,Diabetes Mellitus (E10-E14),219
2014,Malignant Neoplasms (Cancer: C00-C97),1532
2012,Septicemia (A40-A41),113
2013,Malignant Neoplasms (Cancer: C00-C97),633
2010,Influenza (Flu) and Pneumonia (J09-J18),6
2013,Chronic Lower Respiratory Diseases (J40-J47),27
2012,Alzheimer's Disease (G30),126
2011,"Diseases of Heart (I00-I09, I11, I13, I20-I51)",5016
2013,Diabetes Mellitus (E10-E14),19
2010,"Essential Hypertension and Renal Diseases (I10, I12)",252
2013,"Diseases of Heart (I00-I09, I11, I13, I20-I51)",106
2014,Diabetes Mellitus (E10-E14),209
2014,Cerebrovascular Disease (Stroke: I60-I69),277
2012,"Diseases of Heart (I00-I09, I11, I13, I20-I51)",2269
2010,"Essential Hypertension and Renal Diseases (I10, I12)",33
2010,"Diseases of Heart (I00-I09, I11, I13, I20-I51)",52
2010,"Mental and Behavioral Disorders due to Accidental Poisoning and Other Psychoactive Substance Use (F11-F16, F18-F19, X40-X42, X44)",138
2011,All Other Causes,2165
2012,Malignant Neoplasms (Cancer: C00-C97),53
2012,Diabetes Mellitus (E10-E14),308
2014,"Diseases of Heart (I00-I09, I11, I13, I20-I51)",63
2013,"Mental and Behavioral Disorders due to Accidental Poisoning and Other Psychoactive Substance Use (F11-F16, F18-F19, X40-X42, X44)",188
2013,Certain Conditions originating in the Perinatal Period (P00-P96),25
2012,All Other Causes,22
2013,Chronic Lower Respiratory Diseases (J40-J47),72
2014,Influenza (Flu) and Pneumonia (J09-J18),9
2011,Malignant Neoplasms (Cancer: C00-C97),3371
2011,Cerebrovascular Disease (Stroke: I60-I69),200
2012,Diabetes Mellitus (E10-E14),8
2013,Malignant Neoplasms (Cancer: C00-C97),1784
2012,Malignant Neoplasms (Cancer: C00-C97),36
2012,Chronic Lower Respiratory Diseases (J40-J47),39
2012,Human Immunodeficiency Virus Disease (HIV: B20-B24),103
2011,"Diseases of Heart (I00-I09, I11, I13, I20-I51)",31
2014,Chronic Lower Respiratory Diseases (J40-J47),95
2011,Certain Conditions originating in the Perinatal Period (P00-P96),19
2012,Cerebrovascular Disease (Stroke: I60-I69),285
2011,"Diseases of Heart (I00-I09, I11, I13, I20-I51)",1201
2013,Diabetes Mellitus (E10-E14),221
2011,Malignant Neoplasms (Cancer: C00-C97),27
2013,Viral Hepatitis (B15-B19),15
2014,"Diseases of Heart (I00-I09, I11, I13, I20-I51)",115
2011,Human Immunodeficiency Virus Disease (HIV: B20-B24),162
2014,Malignant Neoplasms (Cancer: C00-C97),502
2012,All Other Causes,1199
2011,"Essential Hypertension and Renal Diseases (I10, I12)",154
2012,"Diseases of Heart (I00-I09, I11, I13, I20-I51)",39
2011,All Other Causes,1337
2010,Chronic Lower Respiratory Diseases (J40-J47),202
2012,Influenza (Flu) and Pneumonia (J09-J18),6
2010,All Other Causes,25
2014,Cerebrovascular Disease (Stroke: I60-I69),418
2013,Chronic Lower Respiratory Diseases (J40-J47),521
2013,"Accidents Except Drug Posioning (V01-X39, X43, X45-X59, Y85-Y86)",189
2012,Influenza (Flu) and Pneumonia (J09-J18),76
2011,"Accidents Except Drug Posioning (V01-X39, X43, X45-X59, Y85-Y86)",43
2010,"Intentional Self-Harm (Suicide: X60-X84, Y87.0)",17
2011,"Mental and Behavioral Disorders due to Accidental Poisoning and Other Psychoactive Substance Use (F11-F16, F18-F19, X40-X42, X44)",135
2012,Influenza (Flu) and Pneumonia (J09-J18),74
2013,Influenza (Flu) and Pneumonia (J09-J18),204
2013,Malignant Neoplasms (Cancer: C00-C97),43
2011,"Diseases of Heart (I00-I09, I11, I13, I20-I51)",402
2014,"Chronic Liver Disease and Cirrhosis (K70, K73)",66
2013,All Other Causes,1341
2012,Malignant Neoplasms (Cancer: C00-C97),1125
2011,"Intentional Self-Harm (Suicide: X60-X84, Y87.0)",21
2010,"Essential Hypertension and Renal Diseases (I10, I12)",5
2014,Cerebrovascular Disease (Stroke: I60-I69),165
2010,Alzheimer's Disease (G30),247
2013,Septicemia (A40-A41),135
2011,"Diseases of Heart (I00-I09, I11, I13, I20-I51)",43
2011,"Essential Hypertension and Renal Diseases (I10, I12)",142
2010,All Other Causes,27
2012,"Nephritis, Nephrotic Syndrome and Nephrisis (N00-N07, N17-N19, N25-N27)",22
2011,Diabetes Mellitus (E10-E14),196
2011,Alzheimer's Disease (G30),90
2012,"Accidents Except Drug Posioning (V01-X39, X43, X45-X59, Y85-Y86)",60
2010,"Diseases of Heart (I00-I09, I11, I13, I20-I51)",5351
2013,Malignant Neoplasms (Cancer: C00-C97),3132
2014,All Other Causes,339
2013,Malignant Neoplasms (Cancer: C00-C97),3187
2013,"Essential Hypertension and Renal Diseases (I10, I12)",7
2011,Malignant Neoplasms (Cancer: C00-C97),550
2012,Chronic Lower Respiratory Diseases (J40-J47),507
2014,Cerebrovascular Disease (Stroke: I60-I69),10
2014,Diabetes Mellitus (E10-E14),8
2012,Cerebrovascular Disease (Stroke: I60-I69),9
2011,All Other Causes,278
2013,"Accidents Except Drug Posioning (V01-X39, X43, X45-X59, Y85-Y86)",159
2014,"Intentional Self-Harm (Suicide: X60-X84, Y87.0)",50
2011,"Assault (Homicide: Y87.1, X85-Y09)",266
2013,All Other Causes,320
2014,Cerebrovascular Disease (Stroke: I60-I69),112
2013,"Essential Hypertension and Renal Diseases (I10, I12)",156
2010,Chronic Lower Respiratory Diseases (J40-J47),5
2010,Diabetes Mellitus (E10-E14),245
2014,"Intentional Self-Harm (Suicide: X60-X84, Y87.0)",5
2014,Chronic Lower Respiratory Diseases (J40-J47),14
2010,"Essential Hypertension and Renal Diseases (I10, I12)",178
2013,All Other Causes,79
2010,"Assault (Homicide: Y87.1, X85-Y09)",299
2014,Chronic Lower Respiratory Diseases (J40-J47),145
2012,Certain Conditions originating in the Perinatal Period (P00-P96),17
2011,Human Immunodeficiency Virus Disease (HIV: B20-B24),144
2010,Malignant Neoplasms (Cancer: C00-C97),3438
2014,"Intentional Self-Harm (Suicide: X60-X84, Y87.0)",28
2011,Influenza (Flu) and Pneumonia (J09-J18),83
2013,Cerebrovascular Disease (Stroke: I60-I69),222
2012,Cerebrovascular Disease (Stroke: I60-I69),10
2014,"Diseases of Heart (I00-I09, I11, I13, I20-I51)",3990
2012,All Other Causes,2444
2013,Cerebrovascular Disease (Stroke: I60-I69),158
2013,"Essential Hypertension and Renal Diseases (I10, I12)",50
2011,All Other Causes,340
2014,"Essential Hypertension and Renal Diseases (I10, I12)",155
2012,Chronic Lower Respiratory Diseases (J40-J47),184
2010,Chronic Lower Respiratory Diseases (J40-J47),206
2014,All Other Causes,74
2012,Chronic Lower Respiratory Diseases (J40-J47),352
2011,"Nephritis, Nephrotic Syndrome and Nephrisis (N00-N07, N17-N19, N25-N27)",83
2012,"Diseases of Heart (I00-I09, I11, I13, I20-I51)",1251
2013,"Diseases of Heart (I00-I09, I11, I13, I20-I51)",1868
2010,Cerebrovascular Disease (Stroke: I60-I69),171
2010,"Essential Hypertension and Renal Diseases (I10, I12)",95
2013,Influenza (Flu) and Pneumonia (J09-J18),622
2012,Influenza (Flu) and Pneumonia (J09-J18),205
2014,Cerebrovascular Disease (Stroke: I60-I69),274
2010,"Intentional Self-Harm (Suicide: X60-X84, Y87.0)",5
2010,Malignant Neoplasms (Cancer: C00-C97),414
2013,Cerebrovascular Disease (Stroke: I60-I69),71
2014,"Diseases of Heart (I00-I09, I11, I13, I20-I51)",4507
2010,"Intentional Self-Harm (Suicide: X60-X84, Y87.0)",182
2013,"Chronic Liver Disease and Cirrhosis (K70, K73)",29
2013,Influenza (Flu) and Pneumonia (J09-J18),6
2010,Malignant Neoplasms (Cancer: C00-C97),1540
2011,"Essential Hypertension and Renal Diseases (I10, I12)",225
2014,Influenza (Flu) and Pneumonia (J09-J18),105
2011,Diabetes Mellitus (E10-E14),258
2014,Alzheimer's Disease (G30),26
2013,"Diseases of Heart (I00-I09, I11, I13, I20-I51)",41
2012,Diabetes Mellitus (E10-E14),200
2011,Influenza (Flu) and Pneumonia (J09-J18),243
2014,"Diseases of Heart (I00-I09, I11, I13, I20-I51)",1281
2013,Influenza (Flu) and Pneumonia (J09-J18),102
2011,All Other Causes,38
2010,Human Immunodeficiency Virus Disease (HIV: B20-B24),79
2012,Diabetes Mellitus (E10-E14),76
2011,"Mental and Behavioral Disorders due to Accidental Poisoning and Other Psychoactive Substance Use (F11-F16, F18-F19, X40-X42, X44)",88
2011,Influenza (Flu) and Pneumonia (J09-J18),209
2014,All Other Causes,1135
2011,"Diseases of Heart (I00-I09, I11, I13, I20-I51)",4220
2013,Chronic Lower Respiratory Diseases (J40-J47),168
2013,Diabetes Mellitus (E10-E14),96
2012,"Congenital Malformations, Deformations, and Chromosomal Abnormalities (Q00-Q99)",8
2011,"Intentional Self-Harm (Suicide: X60-X84, Y87.0)",177
2013,"Essential Hypertension and Renal Diseases (I10, I12)",240
2012,"Diseases of Heart (I00-I09, I11, I13, I20-I51)",99
2014,Cerebrovascular Disease (Stroke: I60-I69),8
2010,All Other Causes,308
2010,"Chronic Liver Disease and Cirrhosis (K70, K73)",18
2012,All Other Causes,53
2012,"Chronic Liver Disease and Cirrhosis (K70, K73)",143
2013,All Other Causes,1082
2013,Cerebrovascular Disease (Stroke: I60-I69),10
2012,"Essential Hypertension and Renal Diseases (I10, I12)",214
2011,Chronic Lower Respiratory Diseases (J40-J47),5
2012,Malignant Neoplasms (Cancer: C00-C97),622
2013,"Diseases of Heart (I00-I09, I11, I13, I20-I51)",437
2014,Influenza (Flu) and Pneumonia (J09-J18),502
2011,"Intentional Self-Harm (Suicide: X60-X84, Y87.0)",49
2014,"Accidents Except Drug Posioning (V01-X39, X43, X45-X59, Y85-Y86)",6
2011,Chronic Lower Respiratory Diseases (J40-J47),221
2013,Malignant Neoplasms (Cancer: C00-C97),94
2013,"Intentional Self-Harm (Suicide: X60-X84, Y87.0)",204
2013,All Other Causes,42
2011,All Other Causes,1025
2010,Diabetes Mellitus (E10-E14),5
2013,All Other Causes,1557
2011,Influenza (Flu) and Pneumonia (J09-J18),218
2014,"Nephritis, Nephrotic Syndrome and Nephrisis (N00-N07, N17-N19, N25-N27)",28
2014,Cerebrovascular Disease (Stroke: I60-I69),91
2012,"Chronic Liver Disease and Cirrhosis (K70, K73)",54
2014,Influenza (Flu) and Pneumonia (J09-J18),11
2011,Diabetes Mellitus (E10-E14),200
2010,"Diseases of Heart (I00-I09, I11, I13, I20-I51)",70
2011,All Other Causes,14
2010,Chronic Lower Respiratory Diseases (J40-J47),388
2013,Alzheimer's Disease (G30),263
2010,Chronic Lower Respiratory Diseases (J40-J47),61
2013,Diabetes Mellitus (E10-E14),60
2014,Chronic Lower Respiratory Diseases (J40-J47),36
2010,"Diseases of Heart (I00-I09, I11, I13, I20-I51)",478
2011,Alzheimer's Disease (G30),24
2012,Chronic Lower Respiratory Diseases (J40-J47),11
2014,Malignant Neoplasms (Cancer: C00-C97),50
2013,Influenza (Flu) and Pneumonia (J09-J18),8
2013,"Diseases of Heart (I00-I09, I11, I13, I20-I51)",151
2013,Alzheimer's Disease (G30),120
2014,"Accidents Except Drug Posioning (V01-X39, X43, X45-X59, Y85-Y86)",258
2013,Human Immunodeficiency Virus Disease (HIV: B20-B24),107
2010,All Other Causes,18
2012,Influenza (Flu) and Pneumonia (J09-J18),576
2014,All Other Causes,48
2010,All Other Causes,1167
2014,Influenza (Flu) and Pneumonia (J09-J18),80
2010,"Diseases of Heart (I00-I09, I11, I13, I20-I51)",1354
2011,Influenza (Flu) and Pneumonia (J09-J18),6
2010,Certain Conditions originating in the Perinatal Period (P00-P96),18
2010,"Essential Hypertension and Renal Diseases (I10, I12)",219
2014,Malignant Neoplasms (Cancer: C00-C97),73
2012,"Essential Hypertension and Renal Diseases (I10, I12)",5
2013,"Essential Hypertension and Renal Diseases (I10, I12)",103
2012,All Other Causes,2316
2010,"Intentional Self-Harm (Suicide: X60-X84, Y87.0)",46
2012,"Diseases of Heart (I00-I09, I11, I13, I20-I51)",4156
2010,Chronic Lower Respiratory Diseases (J40-J47),156
2010,"Accidents Except Drug Posioning (V01-X39, X43, X45-X59, Y85-Y86)",54
2010,Malignant Neoplasms (Cancer: C00-C97),29
2014,Chronic Lower Respiratory Diseases (J40-J47),186
2011,Influenza (Flu) and Pneumonia (J09-J18),7
2010,Diabetes Mellitus (E10-E14),5
2014,Influenza (Flu) and Pneumonia (J09-J18),11
2014,"Essential Hypertension and Renal Diseases (I10, I12)",116
2014,Malignant Neoplasms (Cancer: C00-C97),1154
2014,Influenza (Flu) and Pneumonia (J09-J18),199
2011,"Diseases of Heart (I00-I09, I11, I13, I20-I51)",2243
2013,Influenza (Flu) and Pneumonia (J09-J18),18
2013,"Accidents Except Drug Posioning (V01-X39, X43, X45-X59, Y85-Y86)",35
2014,Diabetes Mellitus (E10-E14),71
2011,Cerebrovascular Disease (Stroke: I60-I69),79
2012,Cerebrovascular Disease (Stroke: I60-I69),170
2014,All Other Causes,2275
2014,"Diseases of Heart (I00-I09, I11, I13, I20-I51)",462
2011,All Other Causes,1473
2013,"Essential Hypertension and Renal Diseases (I10, I12)",15
2011,"Essential Hypertension and Renal Diseases (I10, I12)",83
2012,"Diseases of Heart (I00-I09, I11, I13, I20-I51)",469
2013,Chronic Lower Respiratory Diseases (J40-J47),258
2013,Malignant Neoplasms (Cancer: C00-C97),32
2012,"Mental and Behavioral Disorders due to Accidental Poisoning and Other Psychoactive Substance Use (F11-F16, F18-F19, X40-X42, X44)",173
2010,Diabetes Mellitus (E10-E14),187
2011,Certain Conditions originating in the Perinatal Period (P00-P96),14
2010,"Diseases of Heart (I00-I09, I11, I13, I20-I51)",1316
2012,Alzheimer's Disease (G30),115
2012,Chronic Lower Respiratory Diseases (J40-J47),55
2011,Influenza (Flu) and Pneumonia (J09-J18),696
2013,"Diseases of Heart (I00-I09, I11, I13, I20-I51)",4085
2014,Chronic Lower Respiratory Diseases (J40-J47),220
2013,Diabetes Mellitus (E10-E14),17
2014,Malignant Neoplasms (Cancer: C00-C97),50
2012,Cerebrovascular Disease (Stroke: I60-I69),8
2011,"Essential Hypertension and Renal Diseases (I10, I12)",37
2010,"Essential Hypertension and Renal Diseases (I10, I12)",153
2010,Certain Conditions originating in the Perinatal Period (P00-P96),5
2013,Diabetes Mellitus (E10-E14),265
2014,Malignant Neoplasms (Cancer: C00-C97),3153
2010,Cerebrovascular Disease (Stroke: I60-I69),83
2011,Malignant Neoplasms (Cancer: C00-C97),33
2011,Cerebrovascular Disease (Stroke: I60-I69),179
2012,All Other Causes,1483
2013,Influenza (Flu) and Pneumonia (J09-J18),285
2010,"Accidents Except Drug Posioning (V01-X39, X43, X45-X59, Y85-Y86)",10
2013,Influenza (Flu) and Pneumonia (J09-J18),24
2010,Alzheimer's Disease (G30),88
2012,"Essential Hypertension and Renal Diseases (I10, I12)",143
2012,"Essential Hypertension and Renal Diseases (I10, I12)",101
2010,"Accidents Except Drug Posioning (V01-X39, X43, X45-X59, Y85-Y86)",25
2013,Malignant Neoplasms (Cancer: C00-C97),467
2013,Human Immunodeficiency Virus Disease (HIV: B20-B24),122
2012,"Assault (Homicide: Y87.1, X85-Y09)",235
2010,"Diseases of Heart (I00-I09, I11, I13, I20-I51)",394
2013,Malignant Neoplasms (Cancer: C00-C97),1146
2010,Cerebrovascular Disease (Stroke: I60-I69),382
2013,Diabetes Mellitus (E10-E14),238
2011,"Diseases of Heart (I00-I09, I11, I13, I20-I51)",42
2010,"Mental and Behavioral Disorders due to Accidental Poisoning and Other Psychoactive Substance Use (F11-F16, F18-F19, X40-X42, X44)",211
2013,"Mental and Behavioral Disorders due to Accidental Poisoning and Other Psychoactive Substance Use (F11-F16, F18-F19, X40-X42, X44)",63
2011,All Other Causes,2445
2013,"Assault (Homicide: Y87.1, X85-Y09)",174
2012,Human Immunodeficiency Virus Disease (HIV: B20-B24),223
2013,"Essential Hypertension and Renal Diseases (I10, I12)",5
2010,Human Immunodeficiency Virus Disease (HIV: B20-B24),8
2013,Chronic Lower Respiratory Diseases (J40-J47),15
2011,Malignant Neoplasms (Cancer: C00-C97),1144
2010,Malignant Neoplasms (Cancer: C00-C97),3408
2010,All Other Causes,2034
2010,"Diseases of Heart (I00-I09, I11, I13, I20-I51)",50
2013,Cerebrovascular Disease (Stroke: I60-I69),249
2013,"Essential Hypertension and Renal Diseases (I10, I12)",206
2011,"Chronic Liver Disease and Cirrhosis (K70, K73)",167
2011,"Chronic Liver Disease and Cirrhosis (K70, K73)",5
2013,Diabetes Mellitus (E10-E14),10
2010,Influenza (Flu) and Pneumonia (J09-J18),614
2010,"Accidents Except Drug Posioning (V01-X39, X43, X45-X59, Y85-Y86)",147
2011,Human Immunodeficiency Virus Disease (HIV: B20-B24),277
2012,All Other Causes,24
2014,Human Immunodeficiency Virus Disease (HIV: B20-B24),10
2012,Chronic Lower Respiratory Diseases (J40-J47),158
2012,"Accidents Except Drug Posioning (V01-X39, X43, X45-X59, Y85-Y86)",286
2013,Cerebrovascular Disease (Stroke: I60-I69),7
2010,Influenza (Flu) and Pneumonia (J09-J18),707
2012,"Diseases of Heart (I00-I09, I11, I13, I20-I51)",4719
2014,"Chronic Liver Disease and Cirrhosis (K70, K73)",164
2014,Alzheimer's Disease (G30),123
2011,Malignant Neoplasms (Cancer: C00-C97),451
2010,Human Immunodeficiency Virus Disease (HIV: B20-B24),189
2014,"Essential Hypertension and Renal Diseases (I10, I12)",175
2010,All Other Causes,1230
2014,Diabetes Mellitus (E10-E14),9
2011,Influenza (Flu) and Pneumonia (J09-J18),8
2013,Chronic Lower Respiratory Diseases (J40-J47),184
2010,Cerebrovascular Disease (Stroke: I60-I69),259
2012,"Accidents Except Drug Posioning (V01-X39, X43, X45-X59, Y85-Y86)",152
2014,Influenza (Flu) and Pneumonia (J09-J18),266
2011,"Essential Hypertension and Renal Diseases (I10, I12)",199
2010,"Accidents Except Drug Posioning (V01-X39, X43, X45-X59, Y85-Y86)",5
2013,"Diseases of Heart (I00-I09, I11, I13, I20-I51)",2365
2013,All Other Causes,395
2011,"Essential Hypertension and Renal Diseases (I10, I12)",46
2014,All Other Causes,424
2012,Alzheimer's Disease (G30),222
2012,Influenza (Flu) and Pneumonia (J09-J18),11
2014,"Diseases of Heart (I00-I09, I11, I13, I20-I51)",68
2011,Chronic Lower Respiratory Diseases (J40-J47),73
2012,All Other Causes,78
2013,"Diseases of Heart (I00-I09, I11, I13, I20-I51)",72
2011,All Other Causes,38
2010,Influenza (Flu) and Pneumonia (J09-J18),201
2012,"Accidents Except Drug Posioning (V01-X39, X43, X45-X59, Y85-Y86)",177
2010,Chronic Lower Respiratory Diseases (J40-J47),28
2013,Diabetes Mellitus (E10-E14),410
2014,Chronic Lower Respiratory Diseases (J40-J47),399
2012,Influenza (Flu) and Pneumonia (J09-J18),540
2010,Alzheimer's Disease (G30),71
2013,Alzheimer's Disease (G30),106
2013,"Accidents Except Drug Posioning (V01-X39, X43, X45-X59, Y85-Y86)",60
2011,Chronic Lower Respiratory Diseases (J40-J47),30
2011,"Mental and Behavioral Disorders due to Accidental Poisoning and Other Psychoactive Substance Use (F11-F16, F18-F19, X40-X42, X44)",56
2014,Influenza (Flu) and Pneumonia (J09-J18),242
2014,"Accidents Except Drug Posioning (V01-X39, X43, X45-X59, Y85-Y86)",64
2011,Cerebrovascular Disease (Stroke: I60-I69),5
2011,Diabetes Mellitus (E10-E14),8
2014,Diabetes Mellitus (E10-E14),186
2013,Cerebrovascular Disease (Stroke: I60-I69),14
2014,Cerebrovascular Disease (Stroke: I60-I69),8
2011,"Accidents Except Drug Posioning (V01-X39, X43, X45-X59, Y85-Y86)",10
2013,"Mental and Behavioral Disorders due to Accidental Poisoning and Other Psychoactive Substance Use (F11-F16, F18-F19, X40-X42, X44)",286
2013,Chronic Lower Respiratory Diseases (J40-J47),142
2011,Influenza (Flu) and Pneumonia (J09-J18),8
2014,Human Immunodeficiency Virus Disease (HIV: B20-B24),196
2010,"Diseases of Heart (I00-I09, I11, I13, I20-I51)",2015
2012,"Intentional Self-Harm (Suicide: X60-X84, Y87.0)",199
2012,"Diseases of Heart (I00-I09, I11, I13, I20-I51)",402
2010,Malignant Neoplasms (Cancer: C00-C97),1045
2014,"Intentional Self-Harm (Suicide: X60-X84, Y87.0)",204
2011,Chronic Lower Respiratory Diseases (J40-J47),510
2010,Cerebrovascular Disease (Stroke: I60-I69),89
2014,Malignant Neoplasms (Cancer: C00-C97),1146
2014,Chronic Lower Respiratory Diseases (J40-J47),193
2010,All Other Causes,32
2014,"Mental and Behavioral Disorders due to Accidental Poisoning and Other Psychoactive Substance Use (F11-F16, F18-F19, X40-X42, X44)",191
2012,"Essential Hypertension and Renal Diseases (I10, I12)",39
2011,Diabetes Mellitus (E10-E14),253
2014,"Accidents Except Drug Posioning (V01-X39, X43, X45-X59, Y85-Y86)",12
2012,"Intentional Self-Harm (Suicide: X60-X84, Y87.0)",40
2013,"Intentional Self-Harm (Suicide: X60-X84, Y87.0)",41
2012,Diabetes Mellitus (E10-E14),409
2013,Chronic Lower Respiratory Diseases (J40-J47),437
2013,All Other Causes,139
2011,Chronic Lower Respiratory Diseases (J40-J47),123
2012,"Essential Hypertension and Renal Diseases (I10, I12)",153
2014,Malignant Neoplasms (Cancer: C00-C97),657
2011,Malignant Neoplasms (Cancer: C00-C97),1918
2011,"Accidents Except Drug Posioning (V01-X39, X43, X45-X59, Y85-Y86)",272
2011,Diabetes Mellitus (E10-E14),14
2013,Malignant Neoplasms (Cancer: C00-C97),1149
2013,Influenza (Flu) and Pneumonia (J09-J18),233
2012,"Accidents Except Drug Posioning (V01-X39, X43, X45-X59, Y85-Y86)",34
2012,All Other Causes,333
2011,Cerebrovascular Disease (Stroke: I60-I69),98
2014,Diabetes Mellitus (E10-E14),398
2012,Cerebrovascular Disease (Stroke: I60-I69),7
2012,"Intentional Self-Harm (Suicide: X60-X84, Y87.0)",8
2011,"Diseases of Heart (I00-I09, I11, I13, I20-I51)",1840
2010,Chronic Lower Respiratory Diseases (J40-J47),501
2010,Diabetes Mellitus (E10-E14),51
2011,"Diseases of Heart (I00-I09, I11, I13, I20-I51)",452
2012,Malignant Neoplasms (Cancer: C00-C97),1912
2014,"Accidents Except Drug Posioning (V01-X39, X43, X45-X59, Y85-Y86)",42
2011,Malignant Neoplasms (Cancer: C00-C97),1085
2013,"Nephritis, Nephrotic Syndrome and Nephrisis (N00-N07, N17-N19, N25-N27)",93
2014,Certain Conditions originating in the Perinatal Period (P00-P96),25
2012,"Accidents Except Drug Posioning (V01-X39, X43, X45-X59, Y85-Y86)",5
2013,Influenza (Flu) and Pneumonia (J09-J18),78
2010,"Essential Hypertension and Renal Diseases (I10, I12)",30
2012,Diabetes Mellitus (E10-E14),240
2012,Malignant Neoplasms (Cancer: C00-C97),34
2013,"Mental and Behavioral Disorders due to Accidental Poisoning and Other Psychoactive Substance Use (F11-F16, F18-F19, X40-X42, X44)",21
2014,"Chronic Liver Disease and Cirrhosis (K70, K73)",31
2012,Influenza (Flu) and Pneumonia (J09-J18),242
2012,Human Immunodeficiency Virus Disease (HIV: B20-B24),9
2010,Chronic Lower Respiratory Diseases (J40-J47),12
2010,Malignant Neoplasms (Cancer: C00-C97),1768
2012,Cerebrovascular Disease (Stroke: I60-I69),169
2012,"Chronic Liver Disease and Cirrhosis (K70, K73)",20
2010,Human Immunodeficiency Virus Disease (HIV: B20-B24),297
2011,"Diseases of Heart (I00-I09, I11, I13, I20-I51)",1348
2013,"Accidents Except Drug Posioning (V01-X39, X43, X45-X59, Y85-Y86)",5
2014,"Mental and Behavioral Disorders due to Accidental Poisoning and Other Psychoactive Substance Use (F11-F16, F18-F19, X40-X42, X44)",314
2014,"Essential Hypertension and Renal Diseases (I10, I12)",9
2014,"Mental and Behavioral Disorders due to Accidental Poisoning and Other Psychoactive Substance Use (F11-F16, F18-F19, X40-X42, X44)",12
2011,Influenza (Flu) and Pneumonia (J09-J18),94
2013,"Diseases of Heart (I00-I09, I11, I13, I20-I51)",1307
2011,Chronic Lower Respiratory Diseases (J40-J47),200
2013,Cerebrovascular Disease (Stroke: I60-I69),80
2014,Diabetes Mellitus (E10-E14),50
2014,"Mental and Behavioral Disorders due to Accidental Poisoning and Other Psychoactive Substance Use (F11-F16, F18-F19, X40-X42, X44)",6
2011,All Other Causes,27
2011,Certain Conditions originating in the Perinatal Period (P00-P96),10
2014,All Other Causes,1195
2014,Cerebrovascular Disease (Stroke: I60-I69),7
2014,Diabetes Mellitus (E10-E14),292
2011,Alzheimer's Disease (G30),231
2011,Diabetes Mellitus (E10-E14),307
2014,Certain Conditions originating in the Perinatal Period (P00-P96),10
2013,Diabetes Mellitus (E10-E14),192
2012,Cerebrovascular Disease (Stroke: I60-I69),271
2012,All Other Causes,327
2012,"Nephritis, Nephrotic Syndrome and Nephrisis (N00-N07, N17-N19, N25-N27)",76
2012,Malignant Neoplasms (Cancer: C00-C97),1126
2013,"Diseases of Heart (I00-I09, I11, I13, I20-I51)",531
2010,All Other Causes,238
2010,"Diseases of Heart (I00-I09, I11, I13, I20-I51)",70
2013,"Accidents Except Drug Posioning (V01-X39, X43, X45-X59, Y85-Y86)",63
2010,Diabetes Mellitus (E10-E14),384
2013,"Diseases of Heart (I00-I09, I11, I13, I20-I51)",1261
2014,"Diseases of Heart (I00-I09, I11, I13, I20-I51)",2194
2012,Diabetes Mellitus (E10-E14),194
2012,Chronic Lower Respiratory Diseases (J40-J47),132
2012,"Accidents Except Drug Posioning (V01-X39, X43, X45-X59, Y85-Y86)",56
2010,Diabetes Mellitus (E10-E14),279
2014,"Diseases of Heart (I00-I09, I11, I13, I20-I51)",1958
2014,Diabetes Mellitus (E10-E14),11
2014,"Diseases of Heart (I00-I09, I11, I13, I20-I51)",1230
2011,Diabetes Mellitus (E10-E14),7
2014,Chronic Lower Respiratory Diseases (J40-J47),6
2011,Chronic Lower Respiratory Diseases (J40-J47),444
2010,Influenza (Flu) and Pneumonia (J09-J18),74
2014,All Other Causes,96
2013,Certain Conditions originating in the Perinatal Period (P00-P96),9
2013,"Intentional Self-Harm (Suicide: X60-X84, Y87.0)",6
2011,"Accidents Except Drug Posioning (V01-X39, X43, X45-X59, Y85-Y86)",180
2014,All Other Causes,2578
2011,"Diseases of Heart (I00-I09, I11, I13, I20-I51)",62
2011,Diabetes Mellitus (E10-E14),60
2014,Septicemia (A40-A41),118
2014,Diabetes Mellitus (E10-E14),228
2010,"Accidents Except Drug Posioning (V01-X39, X43, X45-X59, Y85-Y86)",58
2014,"Accidents Except Drug Posioning (V01-X39, X43, X45-X59, Y85-Y86)",176
2014,"Accidents Except Drug Posioning (V01-X39, X43, X45-X59, Y85-Y86)",148
2014,Diabetes Mellitus (E10-E14),318
2011,Human Immunodeficiency Virus Disease (HIV: B20-B24),10
2013,All Other Causes,2595
2014,"Essential Hypertension and Renal Diseases (I10, I12)",207
2014,"Accidents Except Drug Posioning (V01-X39, X43, X45-X59, Y85-Y86)",68
2013,Influenza (Flu) and Pneumonia (J09-J18),618
2012,"Accidents Except Drug Posioning (V01-X39, X43, X45-X59, Y85-Y86)",11
2014,Influenza (Flu) and Pneumonia (J09-J18),218
2013,Influenza (Flu) and Pneumonia (J09-J18),274
2013,"Chronic Liver Disease and Cirrhosis (K70, K73)",149
2011,Influenza (Flu) and Pneumonia (J09-J18),646
2012,Malignant Neoplasms (Cancer: C00-C97),1563
2011,Diabetes Mellitus (E10-E14),6
2012,"Intentional Self-Harm (Suicide: X60-X84, Y87.0)",33
2012,Influenza (Flu) and Pneumonia (J09-J18),295
2010,Malignant Neoplasms (Cancer: C00-C97),34
2012,Cerebrovascular Disease (Stroke: I60-I69),416
2013,All Other Causes,39
2012,Diabetes Mellitus (E10-E14),292
2012,"Essential Hypertension and Renal Diseases (I10, I12)",199
2011,All Other Causes,1207
2012,Chronic Lower Respiratory Diseases (J40-J47),204
2010,Septicemia (A40-A41),107
2014,"Nephritis, Nephrotic Syndrome and Nephrisis (N00-N07, N17-N19, N25-N27)",90
2012,Malignant Neoplasms (Cancer: C00-C97),3256
2010,Influenza (Flu) and Pneumonia (J09-J18),108
2012,"Diseases of Heart (I00-I09, I11, I13, I20-I51)",48
2010,Diabetes Mellitus (E10-E14),64
2013,Cerebrovascular Disease (Stroke: I60-I69),427
2012,"Mental and Behavioral Disorders due to Accidental Poisoning and Other Psychoactive Substance Use (F11-F16, F18-F19, X40-X42, X44)",272
2010,"Chronic Liver Disease and Cirrhosis (K70, K73)",150
2011,"Accidents Except Drug Posioning (V01-X39, X43, X45-X59, Y85-Y86)",184
2011,"Accidents Except Drug Posioning (V01-X39, X43, X45-X59, Y85-Y86)",61
2014,Malignant Neoplasms (Cancer: C00-C97),3142
2010,"Accidents Except Drug Posioning (V01-X39, X43, X45-X59, Y85-Y86)",132
2012,Influenza (Flu) and Pneumonia (J09-J18),209
2010,Certain Conditions originating in the Perinatal Period (P00-P96),6
2010,"Nephritis, Nephrotic Syndrome and Nephrisis (N00-N07, N17-N19, N25-N27)",86
2010,Cerebrovascular Disease (Stroke: I60-I69),168
2010,Cerebrovascular Disease (Stroke: I60-I69),276
2013,Alzheimer's Disease (G30),8
2014,Diabetes Mellitus (E10-E14),18
2014,Certain Conditions originating in the Perinatal Period (P00-P96),8
2013,Malignant Neoplasms (Cancer: C00-C97),99
2012,Malignant Neoplasms (Cancer: C00-C97),3184
2012,"Essential Hypertension and Renal Diseases (I10, I12)",39
2012,All Other Causes,1320
2012,Human Immunodeficiency Virus Disease (HIV: B20-B24),136
2014,Alzheimer's Disease (G30),142
2010,Diabetes Mellitus (E10-E14),258
2011,"Intentional Self-Harm (Suicide: X60-X84, Y87.0)",5
2012,Certain Conditions originating in the Perinatal Period (P00-P96),11
2011,Malignant Neoplasms (Cancer: C00-C97),1590
2010,Chronic Lower Respiratory Diseases (J40-J47),149
2011,Malignant Neoplasms (Cancer: C00-C97),36
2014,Cerebrovascular Disease (Stroke: I60-I69),220
2014,Alzheimer's Disease (G30),276
2013,Diabetes Mellitus (E10-E14),15
2010,"Mental and Behavioral Disorders due to Accidental Poisoning and Other Psychoactive Substance Use (F11-F16, F18-F19, X40-X42, X44)",6
2012,All Other Causes,1109
2013,"Mental and Behavioral Disorders due to Accidental Poisoning and Other Psychoactive Substance Use (F11-F16, F18-F19, X40-X42, X44)",6
2011,"Mental and Behavioral Disorders due to Accidental Poisoning and Other Psychoactive Substance Use (F11-F16, F18-F19, X40-X42, X44)",254
2010,Malignant Neoplasms (Cancer: C00-C97),25
2014,Human Immunodeficiency Virus Disease (HIV: B20-B24),92
2010,Human Immunodeficiency Virus Disease (HIV: B20-B24),152
2014,Chronic Lower Respiratory Diseases (J40-J47),12
2014,All Other Causes,1536
2012,Influenza (Flu) and Pneumonia (J09-J18),6
2014,"Accidents Except Drug Posioning (V01-X39, X43, X45-X59, Y85-Y86)",169
2013,"Essential Hypertension and Renal Diseases (I10, I12)",148
